Store ID,Product ID,Category,Current Inventory,Forecast 7 Days,Average Daily Demand,Safety Stock,Target Stock,Recommended Order,Status
S002,P0018,Clothing,61.0,991.15,141.59,81.55,1072.7,1012,CẦN NHẬP HÀNG
S005,P0017,Toys,137.0,1003.56,143.37,77.43,1080.99,944,CẦN NHẬP HÀNG
S003,P0019,Groceries,108.0,986.07,140.87,64.49,1050.56,943,CẦN NHẬP HÀNG
S003,P0006,Toys,156.0,1020.62,145.8,67.5,1088.12,933,CẦN NHẬP HÀNG
S003,P0009,Groceries,123.0,970.46,138.64,72.96,1043.43,921,CẦN NHẬP HÀNG
S003,P0011,Electronics,143.0,973.48,139.07,64.81,1038.29,896,CẦN NHẬP HÀNG
S005,P0006,Groceries,266.0,1094.22,156.32,53.45,1147.67,882,CẦN NHẬP HÀNG
S002,P0013,Groceries,125.0,936.75,133.82,60.41,997.16,873,CẦN NHẬP HÀNG
S003,P0010,Groceries,111.0,890.78,127.25,75.93,966.71,856,CẦN NHẬP HÀNG
S005,P0002,Electronics,156.0,952.7,136.1,55.84,1008.54,853,CẦN NHẬP HÀNG
S003,P0014,Groceries,350.0,1115.93,159.42,69.03,1184.96,835,CẦN NHẬP HÀNG
S002,P0016,Clothing,88.0,785.68,112.24,75.67,861.35,774,CẦN NHẬP HÀNG
S002,P0006,Clothing,98.0,785.9,112.27,75.78,861.69,764,CẦN NHẬP HÀNG
S003,P0003,Electronics,95.0,759.65,108.52,67.75,827.39,733,CẦN NHẬP HÀNG
S001,P0013,Toys,91.0,744.24,106.32,77.91,822.15,732,CẦN NHẬP HÀNG
S003,P0016,Electronics,161.0,817.12,116.73,70.05,887.17,727,CẦN NHẬP HÀNG
S002,P0008,Groceries,85.0,754.24,107.75,56.49,810.73,726,CẦN NHẬP HÀNG
S004,P0019,Clothing,219.0,856.98,122.43,78.9,935.87,717,CẦN NHẬP HÀNG
S005,P0004,Groceries,141.0,787.93,112.56,69.25,857.18,717,CẦN NHẬP HÀNG
S004,P0006,Groceries,134.0,776.93,110.99,72.04,848.96,715,CẦN NHẬP HÀNG
S002,P0010,Groceries,143.0,795.24,113.61,58.85,854.09,712,CẦN NHẬP HÀNG
S001,P0002,Clothing,136.0,780.73,111.53,54.62,835.35,700,CẦN NHẬP HÀNG
S004,P0017,Clothing,166.0,778.49,111.21,71.66,850.15,685,CẦN NHẬP HÀNG
S003,P0020,Clothing,113.0,726.38,103.77,70.35,796.73,684,CẦN NHẬP HÀNG
S004,P0020,Furniture,79.0,698.64,99.81,42.3,740.94,662,CẦN NHẬP HÀNG
S003,P0015,Groceries,413.0,976.39,139.48,89.04,1065.44,653,CẦN NHẬP HÀNG
S004,P0010,Groceries,247.0,841.02,120.15,56.5,897.52,651,CẦN NHẬP HÀNG
S005,P0003,Toys,212.0,788.82,112.69,68.85,857.66,646,CẦN NHẬP HÀNG
S004,P0007,Groceries,574.0,1140.26,162.89,79.56,1219.81,646,CẦN NHẬP HÀNG
S001,P0003,Clothing,434.0,986.67,140.95,77.0,1063.68,630,CẦN NHẬP HÀNG
S001,P0009,Clothing,128.0,679.78,97.11,76.93,756.71,629,CẦN NHẬP HÀNG
S005,P0014,Furniture,161.0,734.41,104.92,51.44,785.85,625,CẦN NHẬP HÀNG
S003,P0007,Groceries,187.0,747.17,106.74,63.31,810.49,624,CẦN NHẬP HÀNG
S004,P0005,Clothing,184.0,730.74,104.39,75.42,806.17,623,CẦN NHẬP HÀNG
S002,P0009,Groceries,153.0,696.55,99.51,73.95,770.5,618,CẦN NHẬP HÀNG
S003,P0017,Furniture,239.0,788.24,112.61,62.36,850.6,612,CẦN NHẬP HÀNG
S003,P0008,Clothing,170.0,709.02,101.29,67.42,776.44,607,CẦN NHẬP HÀNG
S005,P0005,Groceries,288.0,821.36,117.34,71.74,893.11,606,CẦN NHẬP HÀNG
S005,P0009,Groceries,136.0,647.73,92.53,76.04,723.76,588,CẦN NHẬP HÀNG
S002,P0019,Clothing,339.0,868.82,124.12,58.04,926.87,588,CẦN NHẬP HÀNG
S004,P0012,Electronics,201.0,688.52,98.36,68.75,757.27,557,CẦN NHẬP HÀNG
S005,P0019,Furniture,125.0,612.01,87.43,59.75,671.76,547,CẦN NHẬP HÀNG
S004,P0004,Groceries,439.0,911.75,130.25,69.83,981.58,543,CẦN NHẬP HÀNG
S005,P0001,Groceries,267.0,730.91,104.42,78.08,809.0,542,CẦN NHẬP HÀNG
S003,P0002,Groceries,327.0,808.66,115.52,50.28,858.94,532,CẦN NHẬP HÀNG
S001,P0001,Electronics,383.0,847.58,121.08,66.5,914.08,532,CẦN NHẬP HÀNG
S002,P0004,Groceries,129.0,574.71,82.1,76.88,651.59,523,CẦN NHẬP HÀNG
S004,P0001,Groceries,342.0,781.07,111.58,73.69,854.76,513,CẦN NHẬP HÀNG
S005,P0008,Groceries,154.0,592.75,84.68,71.05,663.8,510,CẦN NHẬP HÀNG
S004,P0009,Clothing,472.0,911.28,130.18,69.14,980.42,509,CẦN NHẬP HÀNG
S001,P0017,Toys,186.0,574.61,82.09,94.77,669.38,484,CẦN NHẬP HÀNG
S001,P0018,Groceries,130.0,525.54,75.08,71.11,596.64,467,CẦN NHẬP HÀNG
S004,P0018,Furniture,97.0,506.13,72.3,47.31,553.45,457,CẦN NHẬP HÀNG
S005,P0010,Groceries,115.0,493.29,70.47,60.54,553.83,439,CẦN NHẬP HÀNG
S002,P0011,Groceries,73.0,440.49,62.93,68.01,508.5,436,CẦN NHẬP HÀNG
S001,P0015,Toys,80.0,430.82,61.55,81.36,512.18,433,CẦN NHẬP HÀNG
S001,P0016,Groceries,225.0,558.33,79.76,72.27,630.6,406,CẦN NHẬP HÀNG
S002,P0005,Electronics,552.0,869.73,124.25,64.86,934.59,383,CẦN NHẬP HÀNG
S002,P0017,Toys,204.0,498.78,71.25,69.65,568.43,365,CẦN NHẬP HÀNG
S004,P0008,Furniture,92.0,388.67,55.52,50.78,439.44,348,CẦN NHẬP HÀNG
S002,P0007,Toys,414.0,686.38,98.05,67.14,753.52,340,CẦN NHẬP HÀNG
S002,P0020,Furniture,332.0,618.78,88.4,45.96,664.74,333,CẦN NHẬP HÀNG
S001,P0004,Electronics,241.0,492.66,70.38,70.96,563.62,323,CẦN NHẬP HÀNG
S004,P0003,Furniture,153.0,432.39,61.77,43.3,475.69,323,CẦN NHẬP HÀNG
S005,P0018,Clothing,197.0,435.72,62.25,79.34,515.07,319,CẦN NHẬP HÀNG
S001,P0012,Groceries,396.0,635.34,90.76,71.86,707.2,312,CẦN NHẬP HÀNG
S005,P0020,Toys,126.0,368.34,52.62,66.84,435.18,310,CẦN NHẬP HÀNG
S001,P0019,Furniture,110.0,355.82,50.83,62.36,418.18,309,CẦN NHẬP HÀNG
S005,P0015,Groceries,520.0,759.79,108.54,59.11,818.9,299,CẦN NHẬP HÀNG
S003,P0005,Toys,782.0,962.97,137.57,76.53,1039.5,258,CẦN NHẬP HÀNG
S005,P0007,Groceries,261.0,448.93,64.13,67.2,516.13,256,CẦN NHẬP HÀNG
S002,P0012,Electronics,423.0,610.72,87.25,52.82,663.53,241,CẦN NHẬP HÀNG
S001,P0008,Electronics,162.0,315.5,45.07,61.36,376.86,215,CẦN NHẬP HÀNG
S005,P0016,Toys,233.0,359.04,51.29,76.54,435.58,203,CẦN NHẬP HÀNG
S003,P0001,Toys,207.0,337.47,48.21,69.43,406.9,200,CẦN NHẬP HÀNG
S004,P0002,Groceries,273.0,389.38,55.63,73.32,462.7,190,CẦN NHẬP HÀNG
S001,P0007,Groceries,476.0,581.48,83.07,76.1,657.58,182,CẦN NHẬP HÀNG
S004,P0016,Furniture,153.0,281.49,40.21,49.58,331.06,179,CẦN NHẬP HÀNG
S001,P0011,Furniture,204.0,310.58,44.37,61.17,371.75,168,CẦN NHẬP HÀNG
S002,P0003,Groceries,388.0,488.77,69.82,64.66,553.43,166,CẦN NHẬP HÀNG
S001,P0020,Furniture,333.0,453.37,64.77,43.87,497.24,165,CẦN NHẬP HÀNG
S005,P0011,Electronics,269.0,360.55,51.51,72.7,433.25,165,CẦN NHẬP HÀNG
S001,P0006,Toys,436.0,536.41,76.63,60.0,596.41,161,CẦN NHẬP HÀNG
S002,P0001,Groceries,569.0,649.56,92.79,77.71,727.27,159,CẦN NHẬP HÀNG
S002,P0014,Electronics,676.0,745.64,106.52,63.14,808.77,133,CẦN NHẬP HÀNG
S003,P0012,Furniture,286.0,344.58,49.23,56.53,401.11,116,CẦN NHẬP HÀNG
S003,P0013,Groceries,781.0,801.25,114.46,72.79,874.04,94,CẦN NHẬP HÀNG
S004,P0011,Clothing,596.0,590.29,84.33,88.12,678.41,83,TỒN KHO THẤP
S001,P0010,Furniture,518.0,527.26,75.32,43.98,571.24,54,CẦN NHẬP HÀNG
S003,P0004,Groceries,552.0,515.01,73.57,84.17,599.19,48,TỒN KHO THẤP
S004,P0015,Furniture,292.0,275.96,39.42,56.65,332.61,41,TỒN KHO THẤP
S005,P0012,Furniture,375.0,321.01,45.86,55.29,376.3,2,TỒN KHO THẤP
S001,P0005,Groceries,946.0,354.52,50.65,74.27,428.78,0,TỒN KHO CAO
S002,P0002,Toys,515.0,411.15,58.74,71.89,483.05,0,ĐỦ HÀNG
S002,P0015,Clothing,1039.0,468.98,67.0,74.1,543.08,0,TỒN KHO CAO
S001,P0014,Groceries,660.0,533.37,76.2,71.94,605.31,0,ĐỦ HÀNG
S003,P0018,Furniture,652.0,576.03,82.29,47.35,623.38,0,ĐỦ HÀNG
S004,P0013,Groceries,389.0,247.41,35.34,70.23,317.65,0,ĐỦ HÀNG
S005,P0013,Groceries,792.0,714.25,102.04,72.81,787.06,0,ĐỦ HÀNG
S004,P0014,Furniture,379.0,323.75,46.25,48.42,372.17,0,ĐỦ HÀNG
